EMPLOYEE_ID,FIRST_NAME,LAST_NAME,BIRTH_YEAR
1,18ur0,X5l3qjsd,1987
2,Tavyy3c2jv,3cw,1955
3,3ydcii,Hmelq6l59,1950
4,Gzf07,Pppgtz5a,1950
5,I7lxkm3,Rsi,1977
6,290ebrlooo,Y9u2bnkxka,1969
7,Fkkx,Urtykhyhga,1964
8,7af,I34,1952
9,Jyuxc7,Morro7,1985
10,Fsfy,Pg6e4,1992
11,Mvjf,Vygj1m6em,1961
12,Pqlqd,3es6,1981
13,Btyr2isto6,Ere,1971
14,2hd,Xmlywnb,1984
15,Y40v,Iom2,1957
16,Oli84gurnd,U4lawb,1993
17,Kux8lzxqkx,Nuee71,1979
18,W8rc3thc,6nqzahj6ac,1955
19,Etwumwnl,S2ncn2,1993
20,Xoldefthy,U2i,1993
21,Jcy5t,Yzrs9jnru,1969
22,Ouydhle3ku,Aasvzgz,1974
23,Ybs,Rky22nq,1963
24,Btvhq0d5s,Mrsznh,1972
25,G7ilin6a3m,Ow8f8,1954
26,Ahcwcdolt2,Tus5h2s,1999
27,Mvgryw4xu,Fyms04v,1965
28,M8640pgf,Zrwnkp,1956
29,Gqcpklp4,Xrkkuo2,1951
30,Bkrysy,Beg7tnnakv,1996
31,Njmrdjngk,Tywat,1954
32,Ayl,Rpfzla,1960
33,Vt7g,8fm,1950
34,N81dlf,F4qbzqimw,1955
35,Bjfpaxqar,Nesex60,1993
36,E9aa,Zogxcku9rp,1962
37,Pu8wz,1p1xt,1977
38,Ltajeuegkd,Dwe2rcmu1,1967
39,7lt,Zuv4lqbaml,1993
40,Acok,P34,1986
41,Ngu,I8jmzg,1987
42,Velssbqgyc,Ev0uak,1954
43,Srdis1jk4j,Aw2yw0nhcp,1990
44,Ojhyw,Szq,1975
45,J7hqw7g1j4,Eajiml,1972
46,1xc1inn4,Y5ijsl5,1951
47,Bwd9,9rhkpi,1981
48,Zg5npk,B70oqn,1988
49,Swfzs,Hd2sxx,1958
50,T5sbvnczs,Pzw,1957
51,B3svo,Wrmqzs,1983
52,Tfyjxugp,Tupyz,1960
53,Q9choo,2ebf36d,1967
54,H1qyjw1a,Tj6zzu9pf,1951
55,Emnubnbg,0cpzlhq,1950
56,Qpveythxgk,Mktli5wkgh,1956
57,Cuiqeofbm,7eky2g,1956
58,Swcmrk6p,Shqxa8,1976
59,Iqn8l,Atkdsp8wb,1966
60,Gt7z2,V465s38n3,1971
61,C4uvq,Q6c1oqax,1968
62,Sibim3k,Gvomfxo,1967
63,Imt8x,Lay44r,1976
64,Zxagel,X7lr,1995
65,Il3h9wour,Kznomoune,1986
66,9ipdkuk,Em85cpi1,1957
67,8g5j,1lprgek,1976
68,Zuk,2eya6ss7z,1955
69,R9ag,Bssi,1978
70,3qxgihma,F1u389dvg1,1953
71,8tlx4,Lylpf0h0qs,1968
72,Ncqfs4khx9,Dhs7,1986
73,Aqpp,Kyvzsg2yen,1984
74,G2a,Sqgejo8x6,1967
75,Hmvcapwxw,Zkpvqqji,1988
76,X61,Ojc,1984
77,G86ug1rn92,X7djhl,1974
78,Mrcbksxv,Bwh,1983
79,O0ht9bcxdj,Cy9soi,1955
80,Lzxt,Fe4,1988
81,Aetnsmr,Z9qzy83fsb,1976
82,Qwdp,Ft8u0rpm,1973
83,Myq,Xzk,1975
84,Yjw4faa,Gff,1966
85,Uaj,Wnzicrfppi,1987
86,0w6,D7m6tsak,1963
87,0cxbe1ta,Pstumq,1995
88,Tij3y2,0qcd8,1992
89,N3eh,Ozragfyyqd,1996
90,Uqi1jlk,Ms2aop,1995
91,Zgs8mv,14nwxach,1964
92,Myx,Ey7w,1986
93,Wg1u0e,Jnmb4,1960
94,Jhwagrmd9,5bp,2000
95,Ruagxyd,Fmnykz,1979
96,Opr,K15lsi5,1954
97,Ktn,Odt,1997
98,F5s,Nvnlib,1991
99,Snup,Zo0tpoc,1990
100,Epiefd,Jcvxqnqzjb,1977
101,Onb7rct,Ldvg32nnzn,1967
102,5il7pj,Z6tqpt,1966
103,B4ktpqurht,Wjk7ov,1976
104,Pt1mc6jfi0,Vwpjt,1962
105,N60jifo6c,Rzeokq,1994
106,Sdw,Flnrt,1965
107,Thpqy5go1,Ycor8dwo,1966
108,Oyu0cuz,Znfwuyosjf,1976
109,Bxnh,Oqcn7bhax,2000
110,Xub7ocmvc6,Wzf4q8aup,1993
111,Qym5bi,Goyhzenp,1985
112,Xseukvm,Icwf,1973
113,B54pir8,Xlvkmw3n,1961
114,Phlxt,Lg421,1971
115,N2agli,Oxjoi,1975
116,884le,0kggmtk,1952
117,Qbd,Qjzfoly,1971
118,384ccw3,Wwl7t,1960
119,Xah,Ze78,1991
120,Nxmvm3r,Tm50ugvw,1970
121,Krd,V41hpaim,1986
122,7dap6ej,Wzwazzyov,1952
123,6zsjps,Njywkq,1965
124,Qnf1royi,U8g9szb,1959
125,J6hqnxcqd,Fcrw,1978
126,Xaax,E9d,1996
127,Lbql,6soqv,1955
128,Wdn7g3b9ny,Bf1hg,1974
129,49pv,8gsk,1960
130,Orokf6zjb,8wifq,1984
131,Xypnv,Xeiadxaqpu,1959
132,3yfm,Iv9xx0xpl,1961
133,4hcu0aaggm,5gqjecvdv,1988
134,Kqqzi5f,Ckuuhx,1959
135,Sfb8zx9d,Ykqbyyzyhl,1975
136,0zquynit,Bskbbc,1972
137,Oqid8,Ic1,1953
138,Wbc672d,D8zejr,1963
139,Fz3em285bq,7nhhpc0,1995
140,Cpy,9rmxqb,1998
141,Pulz,L12pnst,1986
142,83xp7e,Wngim,1960
143,Hoelrj,5w5ew2y0s,1981
144,Ovsolwbe,Stui8a9,1963
145,Xzg,Eofaxrt7,1950
146,Atdukbc,18wbcf,1972
147,Mm9u6f,Rdnmdchmk,1956
148,Qfsbgaj,Mch,1990
149,Llvz,Xqpnqa1l,1996
150,Xyhbpdfb,Uic0gqkbes,1977
151,7hhbqntq5,Wdjnf,1953
152,Ztsc96,3lkk,1993
153,Anzudut,Bukxms,1987
154,Elpbv,Emfsfh8rv,1958
155,Hoi8qasuo,E3qmzkzzy,1956
156,V9q0p5,J4wiuro,1962
157,Yw6wnwr,609c4s1clj,1986
158,4bghev4,Heaayvi,1962
159,Adhik,Nl7,1987
160,Dck,Mta0vlpuhu,1970
161,Rodaauxpk,2dy,1998
162,Z6p,Tlsoohmt8,1953
163,Oejqllj,1muywedn,1957
164,U5s5,96m5p7d8,1995
165,Kjkkipiiy,Lhxo,1952
166,Nkdb0vtvvv,Adbi,1989
167,Kjkyzaf8tq,Netmxrzm9,1979
168,Vzdzubr,Sgsilh6o,1981
169,Ijyvzjs5,Mvvtn1b,2000
170,Evngikz,0jftbefy3p,1961
171,Fiiufx0w1,O6n,1997
172,Nx5l,Vwtlvpoo,1977
173,6yxkc,3it1o,1960
174,E1v0tk3,Brpsn68vf,1983
175,Osmzn,Ew5xr6kida,1999
176,4d2,Echjcjd,1973
177,0r3,Dvxw,1956
178,Pm3rwvq,32r,1985
179,Ukwsrk,Adz5oix,2000
180,Udbqgfp2,Tuf1cxfkru,1966
181,Zkgyfm,03lgb7y,1993
182,Wg9yzneap8,6vc,1956
183,Znmhfdu,2mi,1982
184,6tbc8d4vey,Br3u4siu,1997
185,4ernltoljw,Vnhpxx6ga,1987
186,Eizfbx,Bzx5dmlhdl,1973
187,H8zqquxz,Jj5kxcn,1953
188,Cybeks,8z9ohdrfb,1983
189,Bqjky,Tvfogf,1953
190,W3bh3,Hhmjgvc4,1974
191,Gie,Izecsuax,1967
192,Kxgymntlb,Zknr0l,1996
193,Ne7r3,Yxvpqqni,1982
194,79zitzmv,Mkjm7fbgq3,1992
195,Wwvqf2,Mvetg,1996
196,Ckff,8amegzb,1968
197,Pja49pqe0,Nncebwc,1967
198,Lryl,93hpnjrx8g,1958
199,Aquo5r,3mmr,1981
200,Cwjh4l4akw,4xrro,1967
201,Xzrcrcmnq1,Xkut9yb,1965
202,S6o,Ucy,1954
203,Hzrsm,9ntjauj3,1959
204,9lhsv,1wxp3qsa,1980
205,Sck,Gso,1961
206,Txui7dt,D3sfhg,1993
207,Mkr3jhw2t,4c7,1982
208,Ll9,Yku,1979
209,V7rgdfk,Fauv0p1yb,1961
210,Mq7n5j,M6yteksamf,1950
211,Oo7eqbhxx,Dittmkwext,1962
212,Ymqa,2oh4,1996
213,Piv9,17y0for,1954
214,Iezjl0cy,Tgdcc6,1977
215,Gsx3,M524t,1980
216,Lt9iy595f,Sekgrnu,1969
217,Vz1u,B7amfzpm,1976
218,Wkre,Xn1m5wgdx,1995
219,1iqxr,8uj,1950
220,Hpxw9vusj,Xzrdzh,1978
221,D7bnjzlm7l,5ytrhmz,1962
222,G13mtznlxy,Tk5kkxk4,1969
223,Jdh,Kpww2uyk,1991
224,Oe8,Ifkdnzo5gs,1968
225,Szzdj5l,9eebs,1972
226,Crvaus,Uqi72hsq6d,1966
227,P396dazd4,G2zkp4,1952
228,R4nor4kmhi,R1wn64,1973
229,Dm3,Uqzkvp,1959
230,Lizfxek,Oaojgq89b,1969
231,Mti5r5e,Kty0atntk,1952
232,Koe,Cjvksxpyh,1977
233,Wngw,5x1,1962
234,Csha,4yy,1990
235,J1hv3h,X2bfb,1968
236,Edlfvvyy4,Sc5g,1952
237,Kg01otfmly,V46uk0eq,1962
238,Ajvthcj8c,Rtqa6haa8,1990
239,U692tz,Oespefdadd,1992
240,0gtsp2u,Gyydgi,1985
241,63nwcsg,X2wmzqrn2,1961
242,Uk2hfyk9ep,44l4z,1961
243,Gcuex,Ybp,1965
244,Nau2,Pkluuv5ng,1980
245,47i1ygfc,Ltq,1959
246,Ajk69nn7b,Nqih,1957
247,Qs7p,Kwo,1974
248,Ovi,Qb0pvgf,1964
249,Sr6uco1xe,Zpth5,1987
250,Ra2mjkls,Wdxgz1d,1981
251,V7k,Ghwr0,1972
252,F3l9,Pklfh,1957
253,Cqqx,Nvi,1997
254,Oei7ri,Y42ntczk8r,1959
255,Nxlra6rarp,1a3w,1992
256,Ncu,T3tayjnpbn,1954
257,Fvfi,Xsq,1964
258,R58ytp,Szsj,1951
259,Qzvd0u,B4hzv,1951
260,Lww,Mzp9szl,1990
261,Zgo,Ytafh,1951
262,63illusiia,9z3z,1958
263,Aotkqep,Mzrzyjpd,1980
264,Sxufpnyo,S32,1989
265,2difoapt,S61ecj,1976
266,Ux9t3krwce,Olrnnc40u,1986
267,Srhha,E9cm6c,1950
268,Vvvx,Pvw8td9no,1990
269,Mb42z,Xgsk6q1xdb,1972
270,I0m,R8ucsbq2,1952
271,Nr2tg8,Ugo,1955
272,Dubbis7,5hzra3ma,1981
273,Tadmj8pg7j,Ooaispjbyo,1984
274,Qt5r,Y84zaqgdg,1969
275,57td,Opamjzui4,1997
276,Dparhxqo0a,O6akbc,1997
277,Jtqdq1s,Xiq0qf4pm,1979
278,Jdw,Nflo6juw,1982
279,Gddchiqxzc,Usvefvcx,1997
280,Kqvstl2fwa,E5ovlcg0,1985
281,Vbd,R7u,1997
282,Vsuw,Dmaq9jcc,1968
283,Mmbdty,Rpj,1994
284,6yfhvot,Qfu,1994
285,9yxu,Tnzlp94,1984
286,Gcf46pzpxj,Sgnnof55r,1987
287,Gtpuk,W8bzi4,1957
288,9gbwn7,Znn,1969
289,Ssu,Placpbj,1994
290,1caq4r,Whnqp,1976
291,Qdaz,Nlqusqb,1962
292,Zfgtjqf,Askhkphm,1956
293,No1w0on,Prf,1962
294,F7q,Wjvovmqqd,1982
295,Kmqtc5d,Ejdrj4,1999
296,1grmc,2ox,1962
297,8yqh,Rgoz5qartf,1985
298,Xwgkm5ykxs,Dvcyushrr,1994
299,7kzfux,Fnrzus0,1983
300,Jom,G9hd8,1993
301,V6io5tbrjy,Oce,1960
302,Rhmv,Nixjjhf9,1970
303,Lypz,Vfjqq2zr,1961
304,Widp7deuyt,Vtbdplttnt,2000
305,Uwzlrd069u,Vmv1ayiz4,1996
306,R6hdsdpsgv,5zenrei,1960
307,M8dvke,Gjbxik,1973
308,Nt6vbb0,Fx2kb,1992
309,O50ej,Ft99fgldrm,1951
310,Ura,Niqy0zn9ce,1963
311,P5f1zq,Jflrunydpp,1951
312,Zm86awt,8sqpk8pode,1962
313,Bspybss2h,Hxk9otf,1986
314,3tbfjdxzp,Lyyhdbnxr,1955
315,Aopuhsk6d,D6f2k,1960
316,7eucih,Dgbah2uqc3,1996
317,9hhbk0jbl,Lyyf,1988
318,Jt5hy1k,Sudiv4t1,1963
319,Ahuhrluu,Gpckqo,1953
320,Ntm,Zzukw,1953
321,798oysq,Prals,2000
322,Hmdhvj,7ttve,1996
323,0amf7,Eohiympe,1998
324,Sxiro,0y1qjc,1969
325,Ywoddmk,V2lh,1962
326,Yyzztmqv,Wuml32,1958
327,W90ql9,Abdjrels1m,1952
328,A3w5j,Yqxxv8,2000
329,Yvn72mjisy,Yf52kh0,1976
330,L5j7c9y22,H1aizha,1969
331,4om6merany,Onq,1973
332,Do3,Oig21ff,1968
333,Lruj9bx,Wrwyhsqzi,1968
334,S7wsgtrds5,Nou7lxxe,1956
335,W10vr,D18ny,1968
336,Zhzhwtw6ba,50b,2000
337,5d8dzagpv,Iylzkb,1995
338,Z2w0,Wamowtq1,1984
339,Ubkc3,Dlqmofe,1978
340,Hlhy,Xl5yuy,1955
341,Qt3,5za7m,1957
342,Z2w,Cuvrb,1950
343,Dsm,A8nszlnkv,1999
344,Drde8,0pu,1971
345,Elcepncgz,Irameorjqu,1965
346,Aq5huqxet,Lhrhv,1953
347,L7vd,Ie20,1964
348,Fzqz,Tt8gx,1965
349,Oo9nzrtrq,Xqdti,1970
350,F66,Fvc68qk,1965
351,Ma4ga,Hkrcj,1971
352,Kda3,5di3j3dx,1965
353,Aownxxv,Xhdg,1995
354,8aks,Mq2cg68o,1962
355,Xjbsrhkncl,Rqbyhyqde,1966
356,7ngir9kr,Cstx0,1994
357,Y5jdbh,Hqg3ufsrc,1976
358,Qwa,Iz3gmvm,1978
359,Pal9yfwx,Ambp0jojfy,1983
360,7t99dsb,9mbj9gnyb,1988
361,Ro6l,78nt,1976
362,Jehwwvb,Wjqd,1985
363,Wrxta,Gzt,1980
364,T53fojxp,3bo,1965
365,Svxikm2,Sykbwkbubg,1991
366,Rnevys5lp,Ltu,1972
367,Cptavn,0mov,1951
368,2v8hk,77ph,1963
369,Htkic,Nskmw020,1958
370,Fzq,Eyd,1996
371,H8znch,U1nfss,1984
372,On36y01aa,Sqyr,1983
373,Q1j8v,Vfkzn,1957
374,Zrin,Kh54f,1995
375,96uj4pii,Alekcfs0n,1963
376,Zijz,Rkziqh,1983
377,5fkkj,Daay,1999
378,Hqwkn,Xfcn,1985
379,Xn8vxcm,9jm,1995
380,O1cn0tnwz,Mghnx,1985
381,Njrhwsq,2lnihk5i,1997
382,Ue1p,63ady,1955
383,Meu,Zzgysfze,1990
384,Gv1oavx3s,Z9mmchgx,1955
385,0nc6u,Quvdpnz,1970
386,Kz8dmf,Dlmmfi3,1967
387,Naso,Qb2yeht,1958
388,Bbdowy,Ncy6,2000
389,Txq32liac,3t6dgn1rey,1953
390,Auneufzjg,Dod,1968
391,L4turcqydu,375xe,1964
392,Rym4ite,E9i8,1973
393,Hgarmt,Egrw,1955
394,L9wyreks,Ryyrs,1992
395,Bngtylz,Ugs,1964
396,N8oyrcm,Lpzdipcfo,1984
397,Ogz,Rchxhy,1989
398,Ax2,Vs6hhxjcmh,1992
399,P0vpfpnr,Dwgn0xzbnq,1953
400,Xv3dn9u7y,Bb5yfcz7nk,1952
401,Mgvqkka,Kzs,1987
402,Bsz,O3yjn0,1968
403,Xcg8,Cjaslvafr,1971
404,B5vhqdck,Ltlwrvxk,1997
405,Zvm,Eqtdcw,1952
406,Madhapvx,5hbvpovdsg,1984
407,Eqvyj,Uvn,1964
408,Jxe7i18m,I2ma,1986
409,Fqun3auyvy,Pbus7,1960
410,Ebnxdpyj,Hychxlo9,1993
411,Ku8ifwzdpx,Guuh6moh9y,1977
412,Fh0x,2tvnofa,1961
413,8gp,Gxeubrxirv,1955
414,Tbnjg,Aabyt8e,1992
415,9xnjl0cn,Yubd2,1978
416,Gljsh,4enhuva0iv,1998
417,9vkxzgczbd,Hymalul,1970
418,Gg92myolg,Iw9eu,1994
419,Sx2nwdl,3f7vk,1954
420,Cw3vj,0xrkghrz6,1971
421,5aombse,9ekxpp86,1993
422,Rmm,5hvo,1966
423,U4lu5,Fwo01,1970
424,B47,7dgealwn,1971
425,Gikc,G9eizy,1979
426,Njp0kc3ywp,B6bm7lz,1957
427,5tmfz,7qu3i35,1996
428,Ceczxial,K6bg,1954
429,Enzlyxy,Avq,1973
430,Etbdhr,Bmexznr,1999
431,4n3kvit,Ia9ddh,1950
432,Zhsvon,Mbd,1974
433,Csjfc,Peoiplw,1956
434,Xla1,1xgw,1977
435,Peoo,Ldpc,1958
436,Dat4cnf,Epikf,1969
437,G1yk6,Uqp,1971
438,Fct7oefse7,Hvcpez4w,1966
439,X1h,Z7v,1968
440,Uaerxcz,Bg3j,1950
441,Nckm9,Us0sllhed,1951
442,9wcsa2u6u,Pruplaikot,1960
443,Trn37hpx,Kwky8laae,1957
444,A5t7ix,V6oqfb,1966
445,7ao8g,Cchyvjb,1950
446,Zflkewlwzm,Yspzsvutzv,1952
447,Hfpucxb,Hnbdsguuw,1986
448,P9v,Yy3uijvuva,1979
449,Poqwjijz,Cxupd7b,1982
450,F2qa,Dtlmis5yuz,1962
451,Ulmgatb6,G5i0i,1950
452,Kuj,Xfoxnvjw,1958
453,Aote3hk,Dsmftqx6,1973
454,P7lqo,Guuxhmxwu,1975
455,Ym9dte,Iccc0zuk,1957
456,Dlw0fo,Lkk,1959
457,L4f,Kanknqbsx,1967
458,Cxiprn,Gp3noti8bq,1974
459,797d,Kcd,1957
460,70in0bzd,Logel,1950
461,Senujrg2vt,Bheai,1970
462,Sbyqz,Bbruxvx,1989
463,Bgjmiqy,Mgx,1956
464,Jqzgtc,8q0jbhoop4,1998
465,5sjqd1,Ve2qsx,1971
466,Nahngi6ta,Qsrv6vg,1967
467,T7j,0p0ezqg2,1978
468,Svnjksg,Rzb,1962
469,Atb,86r99n,1956
470,J5iuw,Xue2,1955
471,Rwqifb59tk,Fby,1984
472,Wnml4p3czs,B2mgfjjxhk,1974
473,Scd,Rh3dwhc,1981
474,Xuiiafcm5,Q0g84lx,1971
475,S7vysmt0k,O8txalqyav,1957
476,1hc6f,Zvjzsbvls,1991
477,Minnlull,Wls,1988
478,Ghqlprvj,Khbjtm2h8,1981
479,7tkurd0hgn,6xxe,1969
480,T8og,Tzl1n,1982
481,Tozn,Rdf9msqx7,1984
482,2w0wp4rkii,Du3uumho2,1965
483,Fstd,Hzrxanb,1995
484,Ccfgypo,Kzc64z,1974
485,Jzl,O2uccdlm,1987
486,3m0cyf46,9zfiq,1995
487,Rkrc,R4er,1963
488,Yo7rg8xca,0ygc,1995
489,Udxlv,6fsmnndz,1992
490,Nwbf,J054ceiybn,1973
491,Ds8vudmghz,Mb6ohfxr,1963
492,1ke7uu,Mi3iiqudkw,1961
493,2ua8hz1o,Pebvs93,1984
494,T7rsizzstl,Xwbw5ou,1992
495,Kzyj8o2ff,Famz1,1997
496,0gh,Ogzkw1j7,1956
497,Vh5c,Lolnxwtz,1965
498,Bar5d,Ejkty,1960
499,Eah2ys1,84udhh1b,1993
500,Fjeynyk,Edrj,1959