PRODUCT_ID,PRODUCT_NAME,PRODUCT_TYPE
1,18ur0,X5l3qjsd
2,Tavyy3c2jv,3cw
3,3ydcii,Hmelq6l59
4,Gzf07,Pppgtz5a
5,I7lxkm3,Rsi
6,290ebrlooo,Y9u2bnkxka
7,Fkkx,Urtykhyhga
8,7af,I34
9,Jyuxc7,Morro7
10,Fsfy,Pg6e4
11,Mvjf,Vygj1m6em
12,Pqlqd,3es6
13,Btyr2isto6,Ere
14,2hd,Xmlywnb
15,Y40v,Iom2
16,Oli84gurnd,U4lawb
17,Kux8lzxqkx,Nuee71
18,W8rc3thc,6nqzahj6ac
19,Etwumwnl,S2ncn2
20,Xoldefthy,U2i
21,Jcy5t,Yzrs9jnru
22,Ouydhle3ku,Aasvzgz
23,Ybs,Rky22nq
24,Btvhq0d5s,Mrsznh
25,G7ilin6a3m,Ow8f8
26,Ahcwcdolt2,Tus5h2s
27,Mvgryw4xu,Fyms04v
28,M8640pgf,Zrwnkp
29,Gqcpklp4,Xrkkuo2
30,Bkrysy,Beg7tnnakv
31,Njmrdjngk,Tywat
32,Ayl,Rpfzla
33,Vt7g,8fm
34,N81dlf,F4qbzqimw
35,Bjfpaxqar,Nesex60
36,E9aa,Zogxcku9rp
37,Pu8wz,1p1xt
38,Ltajeuegkd,Dwe2rcmu1
39,7lt,Zuv4lqbaml
40,Acok,P34
41,Ngu,I8jmzg
42,Velssbqgyc,Ev0uak
43,Srdis1jk4j,Aw2yw0nhcp
44,Ojhyw,Szq
45,J7hqw7g1j4,Eajiml
46,1xc1inn4,Y5ijsl5
47,Bwd9,9rhkpi
48,Zg5npk,B70oqn
49,Swfzs,Hd2sxx
50,T5sbvnczs,Pzw
51,B3svo,Wrmqzs
52,Tfyjxugp,Tupyz
53,Q9choo,2ebf36d
54,H1qyjw1a,Tj6zzu9pf
55,Emnubnbg,0cpzlhq
56,Qpveythxgk,Mktli5wkgh
57,Cuiqeofbm,7eky2g
58,Swcmrk6p,Shqxa8
59,Iqn8l,Atkdsp8wb
60,Gt7z2,V465s38n3
61,C4uvq,Q6c1oqax
62,Sibim3k,Gvomfxo
63,Imt8x,Lay44r
64,Zxagel,X7lr
65,Il3h9wour,Kznomoune
66,9ipdkuk,Em85cpi1
67,8g5j,1lprgek
68,Zuk,2eya6ss7z
69,R9ag,Bssi
70,3qxgihma,F1u389dvg1
71,8tlx4,Lylpf0h0qs
72,Ncqfs4khx9,Dhs7
73,Aqpp,Kyvzsg2yen
74,G2a,Sqgejo8x6
75,Hmvcapwxw,Zkpvqqji
76,X61,Ojc
77,G86ug1rn92,X7djhl
78,Mrcbksxv,Bwh
79,O0ht9bcxdj,Cy9soi
80,Lzxt,Fe4
81,Aetnsmr,Z9qzy83fsb
82,Qwdp,Ft8u0rpm
83,Myq,Xzk
84,Yjw4faa,Gff
85,Uaj,Wnzicrfppi
86,0w6,D7m6tsak
87,0cxbe1ta,Pstumq
88,Tij3y2,0qcd8
89,N3eh,Ozragfyyqd
90,Uqi1jlk,Ms2aop
91,Zgs8mv,14nwxach
92,Myx,Ey7w
93,Wg1u0e,Jnmb4
94,Jhwagrmd9,5bp
95,Ruagxyd,Fmnykz
96,Opr,K15lsi5
97,Ktn,Odt
98,F5s,Nvnlib
99,Snup,Zo0tpoc
100,Epiefd,Jcvxqnqzjb
101,Onb7rct,Ldvg32nnzn
102,5il7pj,Z6tqpt
103,B4ktpqurht,Wjk7ov
104,Pt1mc6jfi0,Vwpjt
105,N60jifo6c,Rzeokq
106,Sdw,Flnrt
107,Thpqy5go1,Ycor8dwo
108,Oyu0cuz,Znfwuyosjf
109,Bxnh,Oqcn7bhax
110,Xub7ocmvc6,Wzf4q8aup
111,Qym5bi,Goyhzenp
112,Xseukvm,Icwf
113,B54pir8,Xlvkmw3n
114,Phlxt,Lg421
115,N2agli,Oxjoi
116,884le,0kggmtk
117,Qbd,Qjzfoly
118,384ccw3,Wwl7t
119,Xah,Ze78
120,Nxmvm3r,Tm50ugvw
121,Krd,V41hpaim
122,7dap6ej,Wzwazzyov
123,6zsjps,Njywkq
124,Qnf1royi,U8g9szb
125,J6hqnxcqd,Fcrw
126,Xaax,E9d
127,Lbql,6soqv
128,Wdn7g3b9ny,Bf1hg
129,49pv,8gsk
130,Orokf6zjb,8wifq
131,Xypnv,Xeiadxaqpu
132,3yfm,Iv9xx0xpl
133,4hcu0aaggm,5gqjecvdv
134,Kqqzi5f,Ckuuhx
135,Sfb8zx9d,Ykqbyyzyhl
136,0zquynit,Bskbbc
137,Oqid8,Ic1
138,Wbc672d,D8zejr
139,Fz3em285bq,7nhhpc0
140,Cpy,9rmxqb
141,Pulz,L12pnst
142,83xp7e,Wngim
143,Hoelrj,5w5ew2y0s
144,Ovsolwbe,Stui8a9
145,Xzg,Eofaxrt7
146,Atdukbc,18wbcf
147,Mm9u6f,Rdnmdchmk
148,Qfsbgaj,Mch
149,Llvz,Xqpnqa1l
150,Xyhbpdfb,Uic0gqkbes
151,7hhbqntq5,Wdjnf
152,Ztsc96,3lkk
153,Anzudut,Bukxms
154,Elpbv,Emfsfh8rv
155,Hoi8qasuo,E3qmzkzzy
156,V9q0p5,J4wiuro
157,Yw6wnwr,609c4s1clj
158,4bghev4,Heaayvi
159,Adhik,Nl7
160,Dck,Mta0vlpuhu
161,Rodaauxpk,2dy
162,Z6p,Tlsoohmt8
163,Oejqllj,1muywedn
164,U5s5,96m5p7d8
165,Kjkkipiiy,Lhxo
166,Nkdb0vtvvv,Adbi
167,Kjkyzaf8tq,Netmxrzm9
168,Vzdzubr,Sgsilh6o
169,Ijyvzjs5,Mvvtn1b
170,Evngikz,0jftbefy3p
171,Fiiufx0w1,O6n
172,Nx5l,Vwtlvpoo
173,6yxkc,3it1o
174,E1v0tk3,Brpsn68vf
175,Osmzn,Ew5xr6kida
176,4d2,Echjcjd
177,0r3,Dvxw
178,Pm3rwvq,32r
179,Ukwsrk,Adz5oix
180,Udbqgfp2,Tuf1cxfkru
181,Zkgyfm,03lgb7y
182,Wg9yzneap8,6vc
183,Znmhfdu,2mi
184,6tbc8d4vey,Br3u4siu
185,4ernltoljw,Vnhpxx6ga
186,Eizfbx,Bzx5dmlhdl
187,H8zqquxz,Jj5kxcn
188,Cybeks,8z9ohdrfb
189,Bqjky,Tvfogf
190,W3bh3,Hhmjgvc4
191,Gie,Izecsuax
192,Kxgymntlb,Zknr0l
193,Ne7r3,Yxvpqqni
194,79zitzmv,Mkjm7fbgq3
195,Wwvqf2,Mvetg
196,Ckff,8amegzb
197,Pja49pqe0,Nncebwc
198,Lryl,93hpnjrx8g
199,Aquo5r,3mmr
200,Cwjh4l4akw,4xrro
201,Xzrcrcmnq1,Xkut9yb
202,S6o,Ucy
203,Hzrsm,9ntjauj3
204,9lhsv,1wxp3qsa
205,Sck,Gso
206,Txui7dt,D3sfhg
207,Mkr3jhw2t,4c7
208,Ll9,Yku
209,V7rgdfk,Fauv0p1yb
210,Mq7n5j,M6yteksamf
211,Oo7eqbhxx,Dittmkwext
212,Ymqa,2oh4
213,Piv9,17y0for
214,Iezjl0cy,Tgdcc6
215,Gsx3,M524t
216,Lt9iy595f,Sekgrnu
217,Vz1u,B7amfzpm
218,Wkre,Xn1m5wgdx
219,1iqxr,8uj
220,Hpxw9vusj,Xzrdzh
221,D7bnjzlm7l,5ytrhmz
222,G13mtznlxy,Tk5kkxk4
223,Jdh,Kpww2uyk
224,Oe8,Ifkdnzo5gs
225,Szzdj5l,9eebs
226,Crvaus,Uqi72hsq6d
227,P396dazd4,G2zkp4
228,R4nor4kmhi,R1wn64
229,Dm3,Uqzkvp
230,Lizfxek,Oaojgq89b
231,Mti5r5e,Kty0atntk
232,Koe,Cjvksxpyh
233,Wngw,5x1
234,Csha,4yy
235,J1hv3h,X2bfb
236,Edlfvvyy4,Sc5g
237,Kg01otfmly,V46uk0eq
238,Ajvthcj8c,Rtqa6haa8
239,U692tz,Oespefdadd
240,0gtsp2u,Gyydgi
241,63nwcsg,X2wmzqrn2
242,Uk2hfyk9ep,44l4z
243,Gcuex,Ybp
244,Nau2,Pkluuv5ng
245,47i1ygfc,Ltq
246,Ajk69nn7b,Nqih
247,Qs7p,Kwo
248,Ovi,Qb0pvgf
249,Sr6uco1xe,Zpth5
250,Ra2mjkls,Wdxgz1d
251,V7k,Ghwr0
252,F3l9,Pklfh
253,Cqqx,Nvi
254,Oei7ri,Y42ntczk8r
255,Nxlra6rarp,1a3w
256,Ncu,T3tayjnpbn
257,Fvfi,Xsq
258,R58ytp,Szsj
259,Qzvd0u,B4hzv
260,Lww,Mzp9szl
261,Zgo,Ytafh
262,63illusiia,9z3z
263,Aotkqep,Mzrzyjpd
264,Sxufpnyo,S32
265,2difoapt,S61ecj
266,Ux9t3krwce,Olrnnc40u
267,Srhha,E9cm6c
268,Vvvx,Pvw8td9no
269,Mb42z,Xgsk6q1xdb
270,I0m,R8ucsbq2
271,Nr2tg8,Ugo
272,Dubbis7,5hzra3ma
273,Tadmj8pg7j,Ooaispjbyo
274,Qt5r,Y84zaqgdg
275,57td,Opamjzui4
276,Dparhxqo0a,O6akbc
277,Jtqdq1s,Xiq0qf4pm
278,Jdw,Nflo6juw
279,Gddchiqxzc,Usvefvcx
280,Kqvstl2fwa,E5ovlcg0
281,Vbd,R7u
282,Vsuw,Dmaq9jcc
283,Mmbdty,Rpj
284,6yfhvot,Qfu
285,9yxu,Tnzlp94
286,Gcf46pzpxj,Sgnnof55r
287,Gtpuk,W8bzi4
288,9gbwn7,Znn
289,Ssu,Placpbj
290,1caq4r,Whnqp
291,Qdaz,Nlqusqb
292,Zfgtjqf,Askhkphm
293,No1w0on,Prf
294,F7q,Wjvovmqqd
295,Kmqtc5d,Ejdrj4
296,1grmc,2ox
297,8yqh,Rgoz5qartf
298,Xwgkm5ykxs,Dvcyushrr
299,7kzfux,Fnrzus0
300,Jom,G9hd8
301,V6io5tbrjy,Oce
302,Rhmv,Nixjjhf9
303,Lypz,Vfjqq2zr
304,Widp7deuyt,Vtbdplttnt
305,Uwzlrd069u,Vmv1ayiz4
306,R6hdsdpsgv,5zenrei
307,M8dvke,Gjbxik
308,Nt6vbb0,Fx2kb
309,O50ej,Ft99fgldrm
310,Ura,Niqy0zn9ce
311,P5f1zq,Jflrunydpp
312,Zm86awt,8sqpk8pode
313,Bspybss2h,Hxk9otf
314,3tbfjdxzp,Lyyhdbnxr
315,Aopuhsk6d,D6f2k
316,7eucih,Dgbah2uqc3
317,9hhbk0jbl,Lyyf
318,Jt5hy1k,Sudiv4t1
319,Ahuhrluu,Gpckqo
320,Ntm,Zzukw
321,798oysq,Prals
322,Hmdhvj,7ttve
323,0amf7,Eohiympe
324,Sxiro,0y1qjc
325,Ywoddmk,V2lh
326,Yyzztmqv,Wuml32
327,W90ql9,Abdjrels1m
328,A3w5j,Yqxxv8
329,Yvn72mjisy,Yf52kh0
330,L5j7c9y22,H1aizha
331,4om6merany,Onq
332,Do3,Oig21ff
333,Lruj9bx,Wrwyhsqzi
334,S7wsgtrds5,Nou7lxxe
335,W10vr,D18ny
336,Zhzhwtw6ba,50b
337,5d8dzagpv,Iylzkb
338,Z2w0,Wamowtq1
339,Ubkc3,Dlqmofe
340,Hlhy,Xl5yuy
341,Qt3,5za7m
342,Z2w,Cuvrb
343,Dsm,A8nszlnkv
344,Drde8,0pu
345,Elcepncgz,Irameorjqu
346,Aq5huqxet,Lhrhv
347,L7vd,Ie20
348,Fzqz,Tt8gx
349,Oo9nzrtrq,Xqdti
350,F66,Fvc68qk
351,Ma4ga,Hkrcj
352,Kda3,5di3j3dx
353,Aownxxv,Xhdg
354,8aks,Mq2cg68o
355,Xjbsrhkncl,Rqbyhyqde
356,7ngir9kr,Cstx0
357,Y5jdbh,Hqg3ufsrc
358,Qwa,Iz3gmvm
359,Pal9yfwx,Ambp0jojfy
360,7t99dsb,9mbj9gnyb
361,Ro6l,78nt
362,Jehwwvb,Wjqd
363,Wrxta,Gzt
364,T53fojxp,3bo
365,Svxikm2,Sykbwkbubg
366,Rnevys5lp,Ltu
367,Cptavn,0mov
368,2v8hk,77ph
369,Htkic,Nskmw020
370,Fzq,Eyd
371,H8znch,U1nfss
372,On36y01aa,Sqyr
373,Q1j8v,Vfkzn
374,Zrin,Kh54f
375,96uj4pii,Alekcfs0n
376,Zijz,Rkziqh
377,5fkkj,Daay
378,Hqwkn,Xfcn
379,Xn8vxcm,9jm
380,O1cn0tnwz,Mghnx
381,Njrhwsq,2lnihk5i
382,Ue1p,63ady
383,Meu,Zzgysfze
384,Gv1oavx3s,Z9mmchgx
385,0nc6u,Quvdpnz
386,Kz8dmf,Dlmmfi3
387,Naso,Qb2yeht
388,Bbdowy,Ncy6
389,Txq32liac,3t6dgn1rey
390,Auneufzjg,Dod
391,L4turcqydu,375xe
392,Rym4ite,E9i8
393,Hgarmt,Egrw
394,L9wyreks,Ryyrs
395,Bngtylz,Ugs
396,N8oyrcm,Lpzdipcfo
397,Ogz,Rchxhy
398,Ax2,Vs6hhxjcmh
399,P0vpfpnr,Dwgn0xzbnq
400,Xv3dn9u7y,Bb5yfcz7nk
401,Mgvqkka,Kzs
402,Bsz,O3yjn0
403,Xcg8,Cjaslvafr
404,B5vhqdck,Ltlwrvxk
405,Zvm,Eqtdcw
406,Madhapvx,5hbvpovdsg
407,Eqvyj,Uvn
408,Jxe7i18m,I2ma
409,Fqun3auyvy,Pbus7
410,Ebnxdpyj,Hychxlo9
411,Ku8ifwzdpx,Guuh6moh9y
412,Fh0x,2tvnofa
413,8gp,Gxeubrxirv
414,Tbnjg,Aabyt8e
415,9xnjl0cn,Yubd2
416,Gljsh,4enhuva0iv
417,9vkxzgczbd,Hymalul
418,Gg92myolg,Iw9eu
419,Sx2nwdl,3f7vk
420,Cw3vj,0xrkghrz6
421,5aombse,9ekxpp86
422,Rmm,5hvo
423,U4lu5,Fwo01
424,B47,7dgealwn
425,Gikc,G9eizy
426,Njp0kc3ywp,B6bm7lz
427,5tmfz,7qu3i35
428,Ceczxial,K6bg
429,Enzlyxy,Avq
430,Etbdhr,Bmexznr
431,4n3kvit,Ia9ddh
432,Zhsvon,Mbd
433,Csjfc,Peoiplw
434,Xla1,1xgw
435,Peoo,Ldpc
436,Dat4cnf,Epikf
437,G1yk6,Uqp
438,Fct7oefse7,Hvcpez4w
439,X1h,Z7v
440,Uaerxcz,Bg3j
441,Nckm9,Us0sllhed
442,9wcsa2u6u,Pruplaikot
443,Trn37hpx,Kwky8laae
444,A5t7ix,V6oqfb
445,7ao8g,Cchyvjb
446,Zflkewlwzm,Yspzsvutzv
447,Hfpucxb,Hnbdsguuw
448,P9v,Yy3uijvuva
449,Poqwjijz,Cxupd7b
450,F2qa,Dtlmis5yuz
451,Ulmgatb6,G5i0i
452,Kuj,Xfoxnvjw
453,Aote3hk,Dsmftqx6
454,P7lqo,Guuxhmxwu
455,Ym9dte,Iccc0zuk
456,Dlw0fo,Lkk
457,L4f,Kanknqbsx
458,Cxiprn,Gp3noti8bq
459,797d,Kcd
460,70in0bzd,Logel
461,Senujrg2vt,Bheai
462,Sbyqz,Bbruxvx
463,Bgjmiqy,Mgx
464,Jqzgtc,8q0jbhoop4
465,5sjqd1,Ve2qsx
466,Nahngi6ta,Qsrv6vg
467,T7j,0p0ezqg2
468,Svnjksg,Rzb
469,Atb,86r99n
470,J5iuw,Xue2
471,Rwqifb59tk,Fby
472,Wnml4p3czs,B2mgfjjxhk
473,Scd,Rh3dwhc
474,Xuiiafcm5,Q0g84lx
475,S7vysmt0k,O8txalqyav
476,1hc6f,Zvjzsbvls
477,Minnlull,Wls
478,Ghqlprvj,Khbjtm2h8
479,7tkurd0hgn,6xxe
480,T8og,Tzl1n
481,Tozn,Rdf9msqx7
482,2w0wp4rkii,Du3uumho2
483,Fstd,Hzrxanb
484,Ccfgypo,Kzc64z
485,Jzl,O2uccdlm
486,3m0cyf46,9zfiq
487,Rkrc,R4er
488,Yo7rg8xca,0ygc
489,Udxlv,6fsmnndz
490,Nwbf,J054ceiybn
491,Ds8vudmghz,Mb6ohfxr
492,1ke7uu,Mi3iiqudkw
493,2ua8hz1o,Pebvs93
494,T7rsizzstl,Xwbw5ou
495,Kzyj8o2ff,Famz1
496,0gh,Ogzkw1j7
497,Vh5c,Lolnxwtz
498,Bar5d,Ejkty
499,Eah2ys1,84udhh1b
500,Fjeynyk,Edrj
501,3lok4dl1,Szuh
502,Jdul9,Nkxbtsih
503,Se6rl5,Q3illfv
504,Rkbu5,Njm9qgvr5t
505,Mbq9vo2,Hamy
506,7kechn9rzp,Uy7q8tv
507,Csn,Wydou
508,1d4g,Rvi2a
509,C2hg,8lvw
510,Tjjqhi,Nougs
511,Kki8,Qfe3uxw
512,Jagl1agugq,Dv8ztulv
513,Ekeydeugu,Ufk1fg60yx
514,Gatas,7dmz7ah6u
515,Djnobi,Mwey
516,Ty4i,Bdixzpugwb
517,X8f7,2cm6014
518,Vpk,Va5xbg
519,Fkvkt,Nrfqu
520,8cgzaiqdc,Mxxpdcb8
521,4kf,Ca65
522,6nrl,Dtg7bki
523,38322nwz,Cujnshn4
524,Hnqm,8a0ggs
525,Ja905,0wjuid0
526,Hh0m,Phbhhq45jt
527,Bch,Ekztx
528,6y1,40rqzqcng4
529,Edu9heyn,Cgsfs6
530,F61o,Je3xeq
531,Pxvyjf,Aab9bx
532,Rub4khes,Aqtwo
533,Kvafcegzo,G8tll7xa
534,Nxqyzek,Vi8t1q
535,Irbw,Jqifwfjv
536,Ywttfv,Np5
537,1byp,Pucwu
538,Zt4j9r,P3gpj5gr1x
539,Tjnw,Hskh
540,00gxidzl8,Owy
541,Lmuvm9w,Ojxtr
542,U6sc,Idxr
543,Rnilvvd,Cjfrbjvk
544,4pyvxab,Xubqq6rq
545,5wjufwbw,Dns
546,J1toltsq,Hgsndn
547,Tur0so,Is8k8ump
548,9otrjhyfh,Lmf0
549,Xc6bptq,Gmqhqhoxt
550,2snfz,659dajh
551,1ftxpjhn8w,7mpujzem
552,Dcr67qahgf,Lilp
553,Avozaq,Ympqt
554,Awku8,Xljnhln8o
555,Bq9wwate5,Anib
556,Lvltcnxy,Sar9kslebi
557,Zujv4,7uia9a94ax
558,Kshv,Le2djh4io
559,G3v,Yws
560,Vhxfce4,Yzvb
561,Phtajifazd,I3e
562,Gccx8,N8kmm
563,Xjz5ig9xky,Jo6zavcgy
564,L9kilcktbq,Yecxw76i0
565,Ou13e,6hikw
566,Hxy1dq,3wcdwgn
567,3t7jgrxod,Lpekhrsut
568,Nslfuu,Nlpmwey9
569,Ekbr9vykb,Etiv
570,1x9g43f,Qjkrzb3t9n
571,Budfk,Tsd3z
572,Yjyv1,Q6e8diicls
573,Gwxvgegnyb,D3bydn5t
574,1a0te5e,Cawjcsrcqk
575,Cro,Dm6h
576,F65gr,Dgrnujjg
577,0jpc,Vlaq5
578,Agh8dw,Lxhh8fpdo2
579,0cz4v,Inxm
580,Pltqoz,Fojvm
581,8gxka,Fyzrtnmxil
582,L7ejskb6p,6wbrjjiz2g
583,J2rgb3w,V45
584,Zzlywc,Wcitsfxx
585,Vyg,Lyaiqr5cg
586,Zitk,Lfcqq7g
587,X1cc,Vny7ur
588,Mh3m58,Axd3lr
589,Epsblg8o,Ot6
590,Jpw496wz8,Gkckm
591,6fwniuvq,Axn
592,Mtmap,O491ts
593,Zoi,Sinovz4s
594,Vmbpjeob6u,Uxz5h
595,Jxkstsui,Vhlyzfq
596,Ub3mr6,Gxvpamh
597,Kjb1rad,S8t7jaera
598,Lpy,Cmmccbqzu3
599,Q1ul,Dudu
600,3hcvydpqm,8ktauj3
601,Fz6bj9w61a,Zam23r
602,W7z6j,Nsyy
603,2kgevsbzr,T2i
604,Kpt,Cojcinnb
605,Aybnf0oox,Yga
606,M9psqud1o,Bijwvtt
607,Rv2tkrl,Epj5km
608,Kuxbxr6,7gsbgev
609,Mlznh2h,06iia3c
610,Ojypqphky,Etptfpijcp
611,Phc34,Xipu
612,Sdp,Ajma3qtcud
613,Ofyso5e8p,V503okh
614,2m8nd7que,Nnib
615,Nyu,Xub
616,D1kkrbkl,Iwjdfuyd33
617,Goy,Rmexdc
618,Zrjeavksu,Moywmuwii
619,Rt9j6g2yr,Avitw
620,Tmyxtl,Hpi4
621,Cw4leg9,Cbrwq
622,Ctgi,Snqil7co
623,Gmtaicl,Sye
624,Epp,3zaeq00
625,P0luvs,B8n1z
626,Lxakp9a1,Q8hgqzy8v
627,Rff24,H218xpo8
628,Cge8hwr,Dllbe16gdz
629,Wwwczp,Up0ron
630,P3ob6gr,G9d5
631,Kgswdxx,Vnpqryqh
632,Nrnhcwfnkk,Wago6cblgk
633,Ntjtdodh,Q13wybt
634,Wph,Fob
635,8jstz7j,Uozwb
636,Mfd,Bayl
637,6v5bo7fep,6sdgvj2u
638,Okagye,5nn
639,Fqlpw,Dneym
640,Ttfm,M28c
641,Pulde2wg,Y0zh
642,Fhbeu0nrfl,Co5uykzw
643,Not3tvawl,Enem9rmfc
644,Adp,Gzzgwq6ujn
645,Er74d,Mitw8au
646,Umf4c1f,43n
647,Goh98k4bt6,Uglmb2jz9
648,Mnobh4w,8baue1d
649,Pvbvcy,Tago9yy
650,5dnfet,Gdbxyb
651,Mqqiy,8pvp
652,6dl,T9pmdnt
653,Zksc698,Wbt5mnmbl
654,W6nw,Axa
655,Lwib,0rahxwjs
656,G0hsumgfz,Iqhny4
657,In2,Z28xu
658,Crjda0byzc,D6mp
659,Imstp,Hqmf
660,Uwy8,Zdjxbk1rt
661,Wsuqmzpx,W5vugljxzr
662,Ek3pvts,Fkwxvfavnw
663,3bbzmlkghy,Bseqsy
664,Rtb4v1,Jkv
665,Zqj6,Xuerd
666,Brdjr9ac,Knqqddw
667,Lz5,Prdn889flg
668,Ke8jyklelq,Lhvaqm0
669,Gwxxlwflt,Ypnlif
670,Jylzflsqz2,1mhcp
671,Qk4wdciy,A8c8kw0
672,Aun,Ocf7c7
673,Umxtv,05d
674,Uf7b,Rh7eleiuo
675,Pg3pgoz,Pgoqhxrkg
676,Ngsl7vv,Jki2bbm
677,M5g2spgpt,V6f
678,Rkvklyu8gw,Jt6hkoao7v
679,07zxcwiqv,Mcxxb2k
680,Eswqx,Ehg
681,Xb5kss,Y0h
682,Lzthmmqqj,3sfqk
683,Ylkrxobpad,Qcutnj
684,B4iguntg8,5u6qip5
685,Adcaqav5,A1v10
686,D5vm5y4g0,Y7pu
687,Jqeb1j0d,Jinzhag9
688,Waaru6,Hll
689,Tnb5cpw9g,Yerjr2g94
690,C2xqes,Pdgocuzq
691,Kisd1uma,Pxp5pk0p
692,J00rzbt,Yey6
693,Qlr,Mohdu7j
694,Nzqfjg,Nu3en
695,O8hh,4cdctz6x
696,O6lhy5u,Dtycybxom
697,Qpyn3u,Psne
698,Vegd,Mi3fkb1
699,8usqahp,X9inyih5yi
700,0jqlrcpaz,Lgejdzqo
701,Rnmgp5teom,Qhgvw7veh
702,Ka1nvu,Ohlya
703,69i,Twurt8uq
704,T1el,Kww2k1m1x
705,M2rjyxxa,Lwomxw2
706,3cnba6,O3wt
707,Mfka,Qrnzzip3a
708,Xbc,Syw
709,Hx8ehw,Hgn74bjm
710,N2b1u3i02k,Vzby3ewk
711,D3xbx,X9zaogl
712,Due,Zms5ie
713,6vecdyqxng,5ykinqzftx
714,Dyv,Fs0bz8
715,Ftixl5qufz,Rnjnq5e
716,Bbjft,6qdfm33xx
717,Rn4xz,Pvhb0ez
718,Y8s,Xb4qzbd
719,Kbeabk6iwm,Xmqiy
720,Jmfi,Przlirat9f
721,T15ne3i,Istsp
722,Mpjrnblwd,Xpvo
723,Tj88u,Tcsb10h
724,Bteys,8z57qvu
725,Byyr,8jsvvs
726,Wnbco,Z2k
727,Vasphao,Mhjshbt59a
728,5jdx7oo,Azdfzn
729,Teuppsr7ir,Nmahw26r5l
730,P0r4,Qxfgmnds
731,Ghhfyiup,Zadrdnkvq
732,788n3l,Ruokdrq4pl
733,1x9wqqxgfa,4wksxan4o
734,Nhfn3ef,Jej7
735,Hp0cuwtghb,Gyxp02keg
736,Crzozbdb,Ojogeh6s6q
737,Tmhrcd,Ypg3pyx
738,Pa4depjali,Msazddo
739,6xad,M7uyiz4a
740,Qaa3rbg,2kz
741,Szqg6sgd,Ox0lbla
742,B7qlukkfj,Kgahdv
743,G94btje4kt,Gxp
744,Almduk,Ahx
745,7usejtab1l,9mstg
746,T0vbdvr4b,Yj9r
747,6j1j8c,Y5wy
748,Exicz,Ka8
749,3ut,Ozjgnclp
750,Z1x4i,Yhu
751,Wybyf,1vsy7
752,Acvdx4z,W3dzgk
753,Tqo6fkt,Disi
754,X6xnzg1pv,Gvy4xn0gk
755,Iv98,Hdu6nsqwb
756,B5kl,Aivtqypfaj
757,Jky,V9uqbcxx3x
758,Auarcq3,1ava
759,Ifav2,I9b1h80
760,Pljdlroc,Abzvsw
761,K4wqte,F1gr
762,Tk9o6yjqg,Hyypunipe
763,Ryleqa,Pmhfbecog0
764,4jja,B3ykpecjfm
765,U5rfpdv4t,7r5vj
766,Uzz5zcx,Cruvh87va
767,Orpuoy9vj,Prmxnd0
768,Gsbe003d,Oyjhxj
769,Kyg,Zwt4zryvgp
770,Wr4,Tnjnlrvm
771,V3aukvx,Rk3cx
772,4tjggpz,Yh1fekau
773,S2mu5,0o2d9
774,Uijbb9mt,Mrerjnyg
775,Xg8xi5tng,Cnxplroet
776,Ufb,Angpytai
777,H2wttlc470,Yo6
778,Jlwv,1n3kk8ie
779,6fvt,Hr8doj
780,X2mdkniay,Sdui6j
781,Mz9,Mhy
782,X2xcjh91v,Tki1omd
783,96ab,759lo7j
784,Ron,Liae
785,Tzyf80ki,8ddhzuoq
786,V3mmk1dyl,Nsudmzie
787,Xepllq3,T9u4w
788,Cl4mq4,Hdjkoiigw4
789,W6dxv,Atl
790,Mtkita,Irmzy
791,Pvz6uwa3ns,I1dialde
792,Qp255ln,O4pw
793,18n8dqe4sn,L4cs5on4
794,A6w,Vinuz
795,Bn2ext,4bnq
796,Gld3m,Lkrou
797,Eyu,Tlyefvn4n
798,3s3bjawsc,Oswts
799,9lv,Rrf5niwz0
800,N0nx,Kfbu
801,Bq7zrg,Qssdqe4sx
802,2zqjq0z,Mjqjv4jd
803,Jwihicv,Yfb
804,K3hjedu,Ty1j1a
805,Hut6i,Bcgak
806,Cdwrjztz,Twt
807,Kljg95,Wobryeom8t
808,Qoz,Ginypkwq
809,Hrxif,6stf
810,A4x6lq,Hqfwdvaijf
811,U5yoj,8kdqg23nxl
812,Bpedvmnez,Zao2
813,C6q,Ka2ci5s
814,Grjmyj,Ltbv
815,7vw,Ta38emd
816,Vx3ms,Rgo1w
817,0wu4gom,Gtxdy
818,Ftmcfadv,Op3
819,4z0u,Luy4asps
820,U1h,7umckx
821,M90j,I7xmn4
822,Qpzc,B7y7vi
823,Nhv4,J3f70pickk
824,1n0v9g,Fw5ztn4
825,3abukrz,Ycmbktrosc
826,6zaj0r,03y7vv
827,Jmlidle,L4odn
828,Gsrz554o,Vqp
829,J62ax,0rq5ws
830,K6qwo7,Pgfvlixb
831,Iuwbh,N16tz
832,Ore0u73fx,Nreep
833,Olqtbbpurw,Bdezs5w
834,Gydnr,Y98war6bz
835,5q3kekg,Zvjgd
836,Udis7519w,2zi
837,G046rmmxo,3u41
838,2dye,Qgtn9x
839,R4vq5wrfs,8ugpndqh
840,Ktdox,Dtyyj
841,0qmgk7,2wysgtaj9
842,Ba6aogg093,Mka4u
843,3kl,Ncu1gc4im6
844,K8ql0a5j9b,Qmqwe
845,Uxfxyv,Rxksruhr
846,Frqyo,Ucnk
847,Lorhzwi,Zreaelnuw
848,Gbs1k,Sfcl5bvowy
849,Fmmqjlnglk,Izrb2
850,Tzx,T2nv
851,Ukrsuuvvym,H1nbwx9
852,Gwyjs9oq1,Mvaafz
853,Xiktxg,Nonpr
854,Xkmouatm8l,Iniu
855,Y7d5rdiwp0,Etakk4
856,C4zxinb2,Jami8jgppt
857,2s0s7o63o6,Giitt
858,Hja,Xoqzh
859,Iqgonxnzi,Psqptwx
860,Y8muw,Hlka3dvdce
861,Bwe0see,Iqny
862,95gjzp4vf,6st
863,Y4u1bq,Irqvaochsd
864,Ekiiswigei,Krtctxml
865,Xjlo,Xkcrcklh9
866,Pqr,V4uomn9
867,Ytijhrnydg,Mm9dnfjxw
868,Rrpntcs,Uylcqvteft
869,330ua0,Wmlx
870,Pvizg,Zajewiov
871,5hr,Gwferxhz
872,Ffxeb,Qsnod80
873,Dafg8rij,Noxed
874,Wtaob2,Nfbh
875,Equ,Qhbx
876,4bkeh,7cjs2
877,Hdngpg,W0s2wijbhw
878,Cnwgx5kgtr,Cyil7
879,9svxuiixi,Q1lb9fck
880,Fe6,Chdepq
881,U6dkp74,Cbo
882,Jeulac,B18
883,Ilfpdkagat,Y8su5ih
884,Fv8mc2fr0d,J2znx
885,Gw8nyef,Pxo2iun9hi
886,6ub7,Acea
887,B9dxyxhjk,Yqum
888,Fh3,Hz7xq
889,Zfhz9as8,Pmtuxc
890,5ie,35wh6izkg
891,Gjbav,Bg6y7ig9f
892,Ocfqq,Knvj
893,3e4rpeinms,Jmmn
894,2fnroom,Kmk8ekk0
895,3btd1f,Fehlu4d1
896,Cyf7bpqc2,Ouytk4q
897,Rlt7nm,Cxoec0ikh8
898,Enxf4ks8a,My86qxlu
899,Amzqf8ufyf,Fphgb
900,Yavmht,5zohlsdjh
901,Lsrkd,Gncccx
902,Ld4,Mwh
903,Cpzzo5fom0,Icmyyipqz0
904,Iieedxb,T8krv
905,Idxyh5tid,Dpfhcfxd
906,Fgqudm2eje,Wxkaqxd
907,Cxy,Ijcmsayq
908,Xhdl3a,Ojfakj7uk
909,Wbnk4q4e,Myhq8ykwt4
910,Lgdjxpew5,Erlc4w
911,Cr29fbz,7oyzjvz
912,Qmw,1vebz
913,Tcb,Zuc8cq6lk
914,D1zx89b,Ibjkt
915,8t5s,Hlllhwfs9b
916,Rxo,Rue
917,Qbpeb9x,Pjji01
918,Dwbf8,Reds
919,Rfdcu,Q8ub3gr
920,Nd29tf,Vgyw
921,Gkrvlp,0x6nkf
922,Iafagzjml,5rhr
923,5sc,9soyzts
924,Jr7agi4v6,Dnyxotfz
925,Sfxfyakrka,28lu
926,3ufonirlf,Klcnkj
927,Fke,Fpmjvywfn
928,Rgth9lpe,Urytld
929,Bsh7vra1w,Pfehhbz
930,Nt0frizfx,Lpa
931,M3mvy,Ywldjse
932,Qsekfuuryy,Vo6usi
933,Zxlg,Ds5jkpllm1
934,Cj9axlgh,Jozuhmfyn
935,9313,En4l
936,Oqs6dgan,6i2hikw
937,Yvuxp8dfak,1pls
938,Aofnxus7zq,Urj8tuls
939,Jbfmm2stb,Tk9wy
940,2sc,D4vzjyyy
941,Ghltwaeon,R2e
942,Dkl8m,Jv9mq0w
943,Klofak,Bz2b618w
944,Gbl,Qq5
945,Qom83ma8,Os74
946,Lpglsol2,Sfkjo
947,J1sz8hot,Lozseqywr
948,Ebtyhvchhd,79gzej10eq
949,J3w,Mwr
950,6flv0xhqs,Vca0
951,Yzpm,Rqi
952,Vizwo,Cqwyjoytc
953,Z2p1,H5skpd
954,Rht,60rdy
955,Pr9ce8icsa,Aonixi
956,Qbc,Edxoc2
957,Mdygcsbr,Zv1if
958,M9xud2ztz,8o07irbhh
959,Fioxfh7xze,Ixk
960,Qy9wze,Xc2
961,Aqau,Adx1zq
962,Pta,Otyye6ndzg
963,Jpbiid,Hbt5mgs
964,T5rtm6,86e2fql
965,3fryjf,Dfyyqm6
966,99p3fftm,V01b
967,Lm2ehfvpzi,A0x31y7d
968,Omqltzc,Yjb2e
969,Usb,Lk3xgcd
970,U6g,Vok976ht
971,8j9yptk,Xg3
972,Yac,0113tr
973,Gwz0rtir3,Z1ojoirroa
974,Sd6mp,Vlkfk
975,Sm67,Ogaap
976,Gvz,B7skqrg
977,Lmhbzkslo,Uzuum
978,9te,Nis155nby
979,Jeimmj,Pc0axi4z
980,3d7nkm,Px1umffaxa
981,Reisz8w,6oxjv70
982,6qny3,Grv08ij
983,Ws9e9y,Vus2jma
984,Heigagg,Qlrr5n3jk
985,Usu,T2hlgbd
986,Rrbqhu6mg2,Z45t
987,Tuzxgky5,Dizcf4tdl
988,7gqqgrwq,Oez
989,7aa1d,Vcuf
990,Fsrv7,7zabg
991,Tqkrpe,Soyty
992,Fnc,Mkww8
993,Bdg,14x7
994,Aeu,9fjm
995,V1ly,K3fqkee8vr
996,Cezytwixh,R96n
997,E59pynrfgw,Otf4durk4
998,Rwhdcvvbh,Qgk89oip6
999,Sa7gxqvf,Gderxhqvk
1000,Igkn,Cupmks