STORE_ID,STORE_NAME,STORE_ADDRESS,CITY,REGION,STATE,COUNTRY
1,MNDINI,Oqmu3q,Delef,18ur0,18ur0,18ur0
2,Aoiempq,Aoiempq,Pi2djyh2eg,Tavyy3c2jv,Tavyy3c2jv,Tavyy3c2jv
3,2ao,2ao,Awpnuj,3ydcii,3ydcii,3ydcii
4,Be7khzn,Be7khzn,H8d0y,Gzf07,Gzf07,Gzf07
5,Yeqzpby3ch,Yeqzpby3ch,4j6enwy,I7lxkm3,I7lxkm3,I7lxkm3
6,9vbs,9vbs,Nfwdjyvivu,290ebrlooo,290ebrlooo,290ebrlooo
7,Susqeg,Susqeg,A6fy,Fkkx,Fkkx,Fkkx
8,V7bnn8rib6,V7bnn8rib6,Ee6,7af,7af,7af
9,6ex,6ex,Bm7ch8,Jyuxc7,Jyuxc7,Jyuxc7
10,Dmo1aqqv,Dmo1aqqv,Klgs,Fsfy,Fsfy,Fsfy
11,Zhvctjtwas,Zhvctjtwas,Bwzl,Mvjf,Mvjf,Mvjf
12,Ms9hho1sx,Ms9hho1sx,Er7wk,Pqlqd,Pqlqd,Pqlqd
13,Gyfyu,Gyfyu,Mdubljnodi,Btyr2isto6,Btyr2isto6,Btyr2isto6
14,Hgkda,Hgkda,So5,2hd,2hd,2hd
15,Koi2o0fu,Koi2o0fu,Mx2m,Y40v,Y40v,Y40v
16,Ycqrhgdcld,Ycqrhgdcld,Ofzsuchnmi,Oli84gurnd,Oli84gurnd,Oli84gurnd
17,Nt5opfbve,Nt5opfbve,Ho01uu15mm,Kux8lzxqkx,Kux8lzxqkx,Kux8lzxqkx
18,Wpxw6ghyav,Wpxw6ghyav,3hlnu8po,W8rc3thc,W8rc3thc,W8rc3thc
19,Aodhguk,Aodhguk,Pqmtircz,Etwumwnl,Etwumwnl,Etwumwnl
20,J4mgfoer,J4mgfoer,Rvvkqzwcs,Xoldefthy,Xoldefthy,Xoldefthy
21,6fj,6fj,Fqvm3,Jcy5t,Jcy5t,Jcy5t
22,Wwzfcxa,Wwzfcxa,15ffb9mnox,Ouydhle3ku,Ouydhle3ku,Ouydhle3ku
23,Di0s,Di0s,Xpe,Ybs,Ybs,Ybs
24,Xxozt09,Xxozt09,2b0dhllhx,Btvhq0d5s,Btvhq0d5s,Btvhq0d5s
25,Othcfg,Othcfg,Qsq4rzveip,G7ilin6a3m,G7ilin6a3m,G7ilin6a3m
26,Crgusbs,Crgusbs,Cues35stwt,Ahcwcdolt2,Ahcwcdolt2,Ahcwcdolt2
27,Ez4v,Ez4v,1rx5ezrid,Mvgryw4xu,Mvgryw4xu,Mvgryw4xu
28,Kkeym,Kkeym,Nj4uvw9t,M8640pgf,M8640pgf,M8640pgf
29,2w4,2w4,Tggmtcvo,Gqcpklp4,Gqcpklp4,Gqcpklp4
30,Huub09cx,Huub09cx,22pppg,Bkrysy,Bkrysy,Bkrysy
31,Pkklt9,Pkklt9,9yahg4mzt,Njmrdjngk,Njmrdjngk,Njmrdjngk
32,Xwyubhls0i,Xwyubhls0i,2yf,Ayl,Ayl,Ayl
33,Gbvdk2qs,Gbvdk2qs,Aqhu,Vt7g,Vt7g,Vt7g
34,Dt3k,Dt3k,Mg6dpk,N81dlf,N81dlf,N81dlf
35,Tefeux,Tefeux,Zttjnz5uq,Bjfpaxqar,Bjfpaxqar,Bjfpaxqar
36,Zvcqgmf,Zvcqgmf,45co,E9aa,E9aa,E9aa
37,Tuinyeks7x,Tuinyeks7x,Jjcl5,Pu8wz,Pu8wz,Pu8wz
38,Pn5f1j,Pn5f1j,N0jvd4uuit,Ltajeuegkd,Ltajeuegkd,Ltajeuegkd
39,X64ofc3,X64ofc3,Wml,7lt,7lt,7lt
40,Chyuaja,Chyuaja,A1ht,Acok,Acok,Acok
41,Jgc3a,Jgc3a,Jr8,Ngu,Ngu,Ngu
42,Mbu8renrg,Mbu8renrg,3cqee3dnya,Velssbqgyc,Velssbqgyc,Velssbqgyc
43,Ehsu,Ehsu,Gihubonovz,Srdis1jk4j,Srdis1jk4j,Srdis1jk4j
44,Rjmfrqrhc,Rjmfrqrhc,Ym2fk,Ojhyw,Ojhyw,Ojhyw
45,N1g7tw,N1g7tw,Zcfk9vkwsw,J7hqw7g1j4,J7hqw7g1j4,J7hqw7g1j4
46,51m,51m,Zqugx0rg,1xc1inn4,1xc1inn4,1xc1inn4
47,Hs2q9,Hs2q9,Hbpz,Bwd9,Bwd9,Bwd9
48,9oa4,9oa4,T2jaim,Zg5npk,Zg5npk,Zg5npk
49,N9vwv,N9vwv,N64ko,Swfzs,Swfzs,Swfzs
50,L76hssnjs,L76hssnjs,3aetskkww,T5sbvnczs,T5sbvnczs,T5sbvnczs
51,Bt28h4i,Bt28h4i,Dfdzk,B3svo,B3svo,B3svo
52,Goufj6ra,Goufj6ra,Owbxheji,Tfyjxugp,Tfyjxugp,Tfyjxugp
53,29b,29b,Ygxizq,Q9choo,Q9choo,Q9choo
54,5pl,5pl,R07ds4bo,H1qyjw1a,H1qyjw1a,H1qyjw1a
55,Ihzzy,Ihzzy,Abaunohc,Emnubnbg,Emnubnbg,Emnubnbg
56,Ryivx9,Ryivx9,S8sou3hksf,Qpveythxgk,Qpveythxgk,Qpveythxgk
57,Dtkct4pa,Dtkct4pa,Qmocrrkiu,Cuiqeofbm,Cuiqeofbm,Cuiqeofbm
58,Vcllxr5,Vcllxr5,Dbgbupt5,Swcmrk6p,Swcmrk6p,Swcmrk6p
59,Upttkj18xc,Upttkj18xc,Qwcgs,Iqn8l,Iqn8l,Iqn8l
60,Quzdop,Quzdop,02oft,Gt7z2,Gt7z2,Gt7z2
61,Ys9kyviddw,Ys9kyviddw,85hfy,C4uvq,C4uvq,C4uvq
62,8rjq,8rjq,G3rgddo,Sibim3k,Sibim3k,Sibim3k
63,A1sh,A1sh,F8yit,Imt8x,Imt8x,Imt8x
64,Zohsyxq,Zohsyxq,6yrkjs,Zxagel,Zxagel,Zxagel
65,D6ncyjee,D6ncyjee,Zoq2u8l4f,Il3h9wour,Il3h9wour,Il3h9wour
66,Eou1dl7q,Eou1dl7q,0lfhibo,9ipdkuk,9ipdkuk,9ipdkuk
67,Bzpyiaj,Bzpyiaj,Qvqz,8g5j,8g5j,8g5j
68,Q5dphi,Q5dphi,B4l,Zuk,Zuk,Zuk
69,Gkrfathb,Gkrfathb,Tw4e,R9ag,R9ag,R9ag
70,Brng,Brng,Doig2qva,3qxgihma,3qxgihma,3qxgihma
71,Djgogxnu,Djgogxnu,Dygcy,8tlx4,8tlx4,8tlx4
72,Xcxhgsl,Xcxhgsl,Jrqdll2eaq,Ncqfs4khx9,Ncqfs4khx9,Ncqfs4khx9
73,P4dk1jme5,P4dk1jme5,8msl,Aqpp,Aqpp,Aqpp
74,Kklit,Kklit,Nua,G2a,G2a,G2a
75,Ohgtxl,Ohgtxl,Zjxcsyawr,Hmvcapwxw,Hmvcapwxw,Hmvcapwxw
76,Trangrpwzs,Trangrpwzs,Gid,X61,X61,X61
77,Bripqax,Bripqax,Lftzc2wtxd,G86ug1rn92,G86ug1rn92,G86ug1rn92
78,Qr8elb,Qr8elb,Xomwddmx,Mrcbksxv,Mrcbksxv,Mrcbksxv
79,6xx,6xx,Xrsbmymvbq,O0ht9bcxdj,O0ht9bcxdj,O0ht9bcxdj
80,460,460,Ylmj,Lzxt,Lzxt,Lzxt
81,Goxk4,Goxk4,Lib1wgl,Aetnsmr,Aetnsmr,Aetnsmr
82,Qscbhcfsa,Qscbhcfsa,H3ah,Qwdp,Qwdp,Qwdp
83,Ydhxoap0us,Ydhxoap0us,Mfa,Myq,Myq,Myq
84,4vz,4vz,Mcjjxfi,Yjw4faa,Yjw4faa,Yjw4faa
85,J3bhu2cd,J3bhu2cd,Ia5,Uaj,Uaj,Uaj
86,Kg4wrnzm,Kg4wrnzm,Mpe,0w6,0w6,0w6
87,Ockcmw,Ockcmw,Zyvvsbbc,0cxbe1ta,0cxbe1ta,0cxbe1ta
88,Wrkbwdb,Wrkbwdb,X0p6es,Tij3y2,Tij3y2,Tij3y2
89,Qyvnj1,Qyvnj1,Fjbe,N3eh,N3eh,N3eh
90,Ru5ysj,Ru5ysj,Giolsel,Uqi1jlk,Uqi1jlk,Uqi1jlk
91,D8gg,D8gg,B4chbk,Zgs8mv,Zgs8mv,Zgs8mv
92,Sv63v3,Sv63v3,0uo,Myx,Myx,Myx
93,B3mfbgz,B3mfbgz,Vb6q74,Wg1u0e,Wg1u0e,Wg1u0e
94,Ng3qg0,Ng3qg0,Th7fbzwf2,Jhwagrmd9,Jhwagrmd9,Jhwagrmd9
95,Ur8fenfsxy,Ur8fenfsxy,Rolst2u,Ruagxyd,Ruagxyd,Ruagxyd
96,Ervy,Ervy,Ajo,Opr,Opr,Opr
97,Uq6zry8n7o,Uq6zry8n7o,Ytq,Ktn,Ktn,Ktn
98,Nb9e2m,Nb9e2m,Nmk,F5s,F5s,F5s
99,1pb,1pb,Sp14,Snup,Snup,Snup
100,Bald2cw,Bald2cw,I1mh4b,Epiefd,Epiefd,Epiefd
101,Cxhe,Cxhe,Sntwblc,Onb7rct,Onb7rct,Onb7rct
102,Qcxiiu,Qcxiiu,Lc3zgk,5il7pj,5il7pj,5il7pj
103,C0boawx,C0boawx,Kppengqrmz,B4ktpqurht,B4ktpqurht,B4ktpqurht
104,L2ahrngph,L2ahrngph,Xwjtfxrtjj,Pt1mc6jfi0,Pt1mc6jfi0,Pt1mc6jfi0
105,Vofaq1sksj,Vofaq1sksj,Icy4idfkw,N60jifo6c,N60jifo6c,N60jifo6c
106,Gniy6azm,Gniy6azm,4je,Sdw,Sdw,Sdw
107,Yxxfkz0,Yxxfkz0,7mrovrrov,Thpqy5go1,Thpqy5go1,Thpqy5go1
108,Y3eqdlhrvj,Y3eqdlhrvj,Jqv4ykj,Oyu0cuz,Oyu0cuz,Oyu0cuz
109,8wkx,8wkx,Gzsz,Bxnh,Bxnh,Bxnh
110,Vgyvtce,Vgyvtce,Wdzstlx2up,Xub7ocmvc6,Xub7ocmvc6,Xub7ocmvc6
111,Dqhoga0v,Dqhoga0v,Tnmwv1,Qym5bi,Qym5bi,Qym5bi
112,Ccx0,Ccx0,Qtookol,Xseukvm,Xseukvm,Xseukvm
113,Cinpk4d,Cinpk4d,A712jjo,B54pir8,B54pir8,B54pir8
114,9sa3,9sa3,Znmyh,Phlxt,Phlxt,Phlxt
115,Ngutdm,Ngutdm,B5yr3i,N2agli,N2agli,N2agli
116,0zv,0zv,Dmrij,884le,884le,884le
117,Ciyhtgk,Ciyhtgk,3es,Qbd,Qbd,Qbd
118,Jxhokbns,Jxhokbns,Jxwoer3,384ccw3,384ccw3,384ccw3
119,Avoaiaa,Avoaiaa,Iem,Xah,Xah,Xah
120,I8pyl,I8pyl,D2fl9na,Nxmvm3r,Nxmvm3r,Nxmvm3r
121,Fxuwb2ye,Fxuwb2ye,Tg6,Krd,Krd,Krd
122,6jd,6jd,E9quyej,7dap6ej,7dap6ej,7dap6ej
123,Wwxc9p5b2j,Wwxc9p5b2j,Rlnn2r,6zsjps,6zsjps,6zsjps
124,H8weemwn,H8weemwn,E32jrwiz,Qnf1royi,Qnf1royi,Qnf1royi
125,H3n0f,H3n0f,Am7vhrtop,J6hqnxcqd,J6hqnxcqd,J6hqnxcqd
126,Uwvixf,Uwvixf,Ghtb,Xaax,Xaax,Xaax
127,Jax6h,Jax6h,Iqrn,Lbql,Lbql,Lbql
128,Ucde17,Ucde17,Bovrssbxy5,Wdn7g3b9ny,Wdn7g3b9ny,Wdn7g3b9ny
129,Ecuuvn1a,Ecuuvn1a,Pwbx,49pv,49pv,49pv
130,Geirn,Geirn,Hpqhlgkyb,Orokf6zjb,Orokf6zjb,Orokf6zjb
131,Fkuji,Fkuji,Udrlj,Xypnv,Xypnv,Xypnv
132,Nxykgcybg,Nxykgcybg,Vsiw,3yfm,3yfm,3yfm
133,Fgepsdpe,Fgepsdpe,Pt4vihdtld,4hcu0aaggm,4hcu0aaggm,4hcu0aaggm
134,9vvd,9vvd,Te9hcix,Kqqzi5f,Kqqzi5f,Kqqzi5f
135,Jeuvp,Jeuvp,W0phnpk4,Sfb8zx9d,Sfb8zx9d,Sfb8zx9d
136,Lbwbq,Lbwbq,X9btfo16,0zquynit,0zquynit,0zquynit
137,Oomnzp,Oomnzp,Dyyq2,Oqid8,Oqid8,Oqid8
138,G8mfj,G8mfj,Uby4xpb,Wbc672d,Wbc672d,Wbc672d
139,Gocjl,Gocjl,Fy3sxpoeni,Fz3em285bq,Fz3em285bq,Fz3em285bq
140,Mfof3wdhh,Mfof3wdhh,6ds,Cpy,Cpy,Cpy
141,Dvmrabgk,Dvmrabgk,Mqpi,Pulz,Pulz,Pulz
142,Qmhgf4,Qmhgf4,Qlame2,83xp7e,83xp7e,83xp7e
143,Kls8d,Kls8d,Xin8e2,Hoelrj,Hoelrj,Hoelrj
144,A0lev7s,A0lev7s,Jln4bnn5,Ovsolwbe,Ovsolwbe,Ovsolwbe
145,2sq,2sq,Llp,Xzg,Xzg,Xzg
146,Pszqyy,Pszqyy,W69z9uw,Atdukbc,Atdukbc,Atdukbc
147,Iurff,Iurff,Nllevb,Mm9u6f,Mm9u6f,Mm9u6f
148,43o,43o,Cb1jegb,Qfsbgaj,Qfsbgaj,Qfsbgaj
149,6vg,6vg,Sbyb,Llvz,Llvz,Llvz
150,Wea7kds,Wea7kds,Rkr6llnt,Xyhbpdfb,Xyhbpdfb,Xyhbpdfb
151,Kih8nm3u,Kih8nm3u,Gx4pqhqe8,7hhbqntq5,7hhbqntq5,7hhbqntq5
152,Jxu4s,Jxu4s,Iqrmsf,Ztsc96,Ztsc96,Ztsc96
153,Dn1c,Dn1c,F45jzsz,Anzudut,Anzudut,Anzudut
154,Qne4nf,Qne4nf,L4onf,Elpbv,Elpbv,Elpbv
155,Uvvxdg8l7p,Uvvxdg8l7p,Gfxero5jl,Hoi8qasuo,Hoi8qasuo,Hoi8qasuo
156,Khyppj4o,Khyppj4o,2xa9y2,V9q0p5,V9q0p5,V9q0p5
157,U5fba4,U5fba4,W3cv2c5,Yw6wnwr,Yw6wnwr,Yw6wnwr
158,Dvap,Dvap,Jrdgog5,4bghev4,4bghev4,4bghev4
159,D3d11bxa,D3d11bxa,Qgmlt,Adhik,Adhik,Adhik
160,L4ujmnsvj,L4ujmnsvj,Jzn,Dck,Dck,Dck
161,O1i5xj5ah,O1i5xj5ah,U9p5iysun,Rodaauxpk,Rodaauxpk,Rodaauxpk
162,Dz1g,Dz1g,Mkz,Z6p,Z6p,Z6p
163,Zrtquag,Zrtquag,Yvckful,Oejqllj,Oejqllj,Oejqllj
164,4ec,4ec,Ctbs,U5s5,U5s5,U5s5
165,Yvm6mcv,Yvm6mcv,Bqbaswebv,Kjkkipiiy,Kjkkipiiy,Kjkkipiiy
166,Wwhtj7w,Wwhtj7w,Tj8plnuyzt,Nkdb0vtvvv,Nkdb0vtvvv,Nkdb0vtvvv
167,Bq82gwz,Bq82gwz,Icc6irut5y,Kjkyzaf8tq,Kjkyzaf8tq,Kjkyzaf8tq
168,Zr6kzvm,Zr6kzvm,Xr5bvna,Vzdzubr,Vzdzubr,Vzdzubr
169,6po,6po,Kqtww9mu,Ijyvzjs5,Ijyvzjs5,Ijyvzjs5
170,Xestxvjny5,Xestxvjny5,Rjddsiy,Evngikz,Evngikz,Evngikz
171,Yincgls,Yincgls,Z6zerqpog,Fiiufx0w1,Fiiufx0w1,Fiiufx0w1
172,Lj5l7yyhr,Lj5l7yyhr,Ikze,Nx5l,Nx5l,Nx5l
173,Wnrdrpx,Wnrdrpx,Xmzx8,6yxkc,6yxkc,6yxkc
174,E87r,E87r,W5q5qbf,E1v0tk3,E1v0tk3,E1v0tk3
175,Qtnqzwfq1,Qtnqzwfq1,Xc3di,Osmzn,Osmzn,Osmzn
176,7n0,7n0,Sx4,4d2,4d2,4d2
177,Ewrvoaod,Ewrvoaod,Wyd,0r3,0r3,0r3
178,Rjcrla1x6,Rjcrla1x6,Wsj1ymy,Pm3rwvq,Pm3rwvq,Pm3rwvq
179,Xs3hfxm,Xs3hfxm,Y3lwo6,Ukwsrk,Ukwsrk,Ukwsrk
180,Be7fuvw,Be7fuvw,Ibu3ehr4,Udbqgfp2,Udbqgfp2,Udbqgfp2
181,1fg,1fg,Dpqceo,Zkgyfm,Zkgyfm,Zkgyfm
182,99ru,99ru,U1xfxnwjg8,Wg9yzneap8,Wg9yzneap8,Wg9yzneap8
183,Qevtiu,Qevtiu,0jpgkir,Znmhfdu,Znmhfdu,Znmhfdu
184,2ti,2ti,Cnfnblcjxd,6tbc8d4vey,6tbc8d4vey,6tbc8d4vey
185,T42ao5,T42ao5,Xvad7ms6ug,4ernltoljw,4ernltoljw,4ernltoljw
186,Cypviel5,Cypviel5,Soxabk,Eizfbx,Eizfbx,Eizfbx
187,Bd7otud,Bd7otud,Pmteutsm,H8zqquxz,H8zqquxz,H8zqquxz
188,Uvfvtuyapl,Uvfvtuyapl,4osanv,Cybeks,Cybeks,Cybeks
189,Xumlmzr,Xumlmzr,Qdsru,Bqjky,Bqjky,Bqjky
190,Pqu1hn,Pqu1hn,Tnc6c,W3bh3,W3bh3,W3bh3
191,Zlmvknh,Zlmvknh,162,Gie,Gie,Gie
192,Gq9ne9km,Gq9ne9km,5klc5yevm,Kxgymntlb,Kxgymntlb,Kxgymntlb
193,Kp1pxvmwy,Kp1pxvmwy,No2cz,Ne7r3,Ne7r3,Ne7r3
194,Xzkxcjhidw,Xzkxcjhidw,St88h78t,79zitzmv,79zitzmv,79zitzmv
195,Lcp39,Lcp39,Japicf,Wwvqf2,Wwvqf2,Wwvqf2
196,Nfork,Nfork,Ahcq,Ckff,Ckff,Ckff
197,Lyzjm,Lyzjm,Uxndagwzy,Pja49pqe0,Pja49pqe0,Pja49pqe0
198,Qgkqym,Qgkqym,Jejo,Lryl,Lryl,Lryl
199,Rsfrfs5os,Rsfrfs5os,M6o9km,Aquo5r,Aquo5r,Aquo5r
200,Pyj5ry,Pyj5ry,Rsxi4lrtbf,Cwjh4l4akw,Cwjh4l4akw,Cwjh4l4akw